Mass [m/z],Polarity,Start [min],End [min],nCE,CS [z],Comment
1868.975255,Positive,,,,1,YVASYLLAALGGNSSPSAK
1948.955157,Positive,,,,1,Y
2028.935059,Positive,,,,1,YVAS
2108.914961,Positive,,,,1,YVASY
2188.894863,Positive,,,,1,YVASYLLAALGGNS
2268.874765,Positive,,,,1,YVASYLLAALGGNSS
2348.854667,Positive,,,,1,YVASYLLAALGGNSSPS
934.991266,Positive,,,,2,YVASYLLAALGGNSSPSAK
974.981217,Positive,,,,2,Y
1014.971168,Positive,,,,2,YVAS
1054.961119,Positive,,,,2,YVASY
1094.951070,Positive,,,,2,YVASYLLAALGGNS
1134.941021,Positive,,,,2,YVASYLLAALGGNSS
1174.930972,Positive,,,,2,YVASYLLAALGGNSSPS
623.663269,Positive,,,,3,YVASYLLAALGGNSSPSAK
650.323237,Positive,,,,3,Y
676.983204,Positive,,,,3,YVAS
703.643171,Positive,,,,3,YVASY
730.303139,Positive,,,,3,YVASYLLAALGGNS
756.963106,Positive,,,,3,YVASYLLAALGGNSS
783.623073,Positive,,,,3,YVASYLLAALGGNSSPS
467.999271,Positive,,,,4,YVASYLLAALGGNSSPSAK
487.994247,Positive,,,,4,Y
507.989222,Positive,,,,4,YVAS
527.984198,Positive,,,,4,YVASY
547.979173,Positive,,,,4,YVASYLLAALGGNS
567.974149,Positive,,,,4,YVASYLLAALGGNSS
587.969124,Positive,,,,4,YVASYLLAALGGNSSPS
1417.680529,Positive,,,,1,ILDSVGIEADDDR
1497.660431,Positive,,,,1,ILDS
709.343903,Positive,,,,2,ILDSVGIEADDDR
749.333854,Positive,,,,2,ILDS
473.231694,Positive,,,,3,ILDSVGIEADDDR
499.891661,Positive,,,,3,ILDS
355.175590,Positive,,,,4,ILDSVGIEADDDR
375.170565,Positive,,,,4,ILDS
859.488359,Positive,,,,1,VISELNGK
939.468261,Positive,,,,1,VIS
430.247818,Positive,,,,2,VISELNGK
470.237769,Positive,,,,2,VIS
287.167637,Positive,,,,3,VISELNGK
313.827605,Positive,,,,3,VIS
215.627547,Positive,,,,4,VISELNGK
235.622523,Positive,,,,4,VIS
1256.684492,Positive,,,,1,NIEDVIAQGIGK
628.845884,Positive,,,,2,NIEDVIAQGIGK
419.566348,Positive,,,,3,NIEDVIAQGIGK
314.926580,Positive,,,,4,NIEDVIAQGIGK
2774.431913,Positive,,,,1,LASVPAGGAVAVSAAPGSAAPAAGSAPAAAEEK
2854.411815,Positive,,,,1,LAS
2934.391717,Positive,,,,1,LASVPAGGAVAVS
3014.371619,Positive,,,,1,LASVPAGGAVAVSAAPGS
3094.351521,Positive,,,,1,LASVPAGGAVAVSAAPGSAAPAAGS
1387.719595,Positive,,,,2,LASVPAGGAVAVSAAPGSAAPAAGSAPAAAEEK
1427.709546,Positive,,,,2,LAS
1467.699497,Positive,,,,2,LASVPAGGAVAVS
1507.689448,Positive,,,,2,LASVPAGGAVAVSAAPGS
1547.679399,Positive,,,,2,LASVPAGGAVAVSAAPGSAAPAAGS
925.482155,Positive,,,,3,LASVPAGGAVAVSAAPGSAAPAAGSAPAAAEEK
952.142123,Positive,,,,3,LAS
978.802090,Positive,,,,3,LASVPAGGAVAVS
1005.462057,Positive,,,,3,LASVPAGGAVAVSAAPGS
1032.122025,Positive,,,,3,LASVPAGGAVAVSAAPGSAAPAAGS
694.363436,Positive,,,,4,LASVPAGGAVAVSAAPGSAAPAAGSAPAAAEEK
714.358411,Positive,,,,4,LAS
734.353387,Positive,,,,4,LASVPAGGAVAVS
754.348362,Positive,,,,4,LASVPAGGAVAVSAAPGS
774.343338,Positive,,,,4,LASVPAGGAVAVSAAPGSAAPAAGS
1821.664346,Positive,,,,1,EESEESDDDMGFGLFD
1901.644248,Positive,,,,1,EES
1981.624150,Positive,,,,1,EESEES
911.335811,Positive,,,,2,EESEESDDDMGFGLFD
951.325762,Positive,,,,2,EES
991.315713,Positive,,,,2,EESEES
607.892966,Positive,,,,3,EESEESDDDMGFGLFD
634.552934,Positive,,,,3,EES
661.212901,Positive,,,,3,EESEES
456.171544,Positive,,,,4,EESEESDDDMGFGLFD
476.166519,Positive,,,,4,EES
496.161495,Positive,,,,4,EESEES
2156.116850,Positive,,,,1,MRYVASYLLAALGGNSSPSAK
2236.096752,Positive,,,,1,MRY
2316.076654,Positive,,,,1,MRYVAS
2396.056556,Positive,,,,1,MRYVASY
2476.036458,Positive,,,,1,MRYVASYLLAALGGNS
2556.016360,Positive,,,,1,MRYVASYLLAALGGNSS
2635.996262,Positive,,,,1,MRYVASYLLAALGGNSSPS
1078.562063,Positive,,,,2,MRYVASYLLAALGGNSSPSAK
1118.552014,Positive,,,,2,MRY
1158.541965,Positive,,,,2,MRYVAS
1198.531916,Positive,,,,2,MRYVASY
1238.521867,Positive,,,,2,MRYVASYLLAALGGNS
1278.511818,Positive,,,,2,MRYVASYLLAALGGNSS
1318.501769,Positive,,,,2,MRYVASYLLAALGGNSSPS
719.377134,Positive,,,,3,MRYVASYLLAALGGNSSPSAK
746.037102,Positive,,,,3,MRY
772.697069,Positive,,,,3,MRYVAS
799.357036,Positive,,,,3,MRYVASY
826.017004,Positive,,,,3,MRYVASYLLAALGGNS
852.676971,Positive,,,,3,MRYVASYLLAALGGNSS
879.336938,Positive,,,,3,MRYVASYLLAALGGNSSPS
539.784670,Positive,,,,4,MRYVASYLLAALGGNSSPSAK
559.779645,Positive,,,,4,MRY
579.774621,Positive,,,,4,MRYVAS
599.769596,Positive,,,,4,MRYVASY
619.764572,Positive,,,,4,MRYVASYLLAALGGNS
639.759547,Positive,,,,4,MRYVASYLLAALGGNSS
659.754523,Positive,,,,4,MRYVASYLLAALGGNSSPS
2225.181225,Positive,,,,1,YVASYLLAALGGNSSPSAKDIK
2305.161127,Positive,,,,1,Y
2385.141029,Positive,,,,1,YVAS
2465.120931,Positive,,,,1,YVASY
2545.100833,Positive,,,,1,YVASYLLAALGGNS
2625.080735,Positive,,,,1,YVASYLLAALGGNSS
2705.060637,Positive,,,,1,YVASYLLAALGGNSSPS
1113.094251,Positive,,,,2,YVASYLLAALGGNSSPSAKDIK
1153.084202,Positive,,,,2,Y
1193.074153,Positive,,,,2,YVAS
1233.064104,Positive,,,,2,YVASY
1273.054055,Positive,,,,2,YVASYLLAALGGNS
1313.044006,Positive,,,,2,YVASYLLAALGGNSS
1353.033957,Positive,,,,2,YVASYLLAALGGNSSPS
742.398593,Positive,,,,3,YVASYLLAALGGNSSPSAKDIK
769.058560,Positive,,,,3,Y
795.718527,Positive,,,,3,YVAS
822.378495,Positive,,,,3,YVASY
849.038462,Positive,,,,3,YVASYLLAALGGNS
875.698429,Positive,,,,3,YVASYLLAALGGNSS
902.358397,Positive,,,,3,YVASYLLAALGGNSSPS
557.050764,Positive,,,,4,YVASYLLAALGGNSSPSAKDIK
577.045739,Positive,,,,4,Y
597.040715,Positive,,,,4,YVAS
617.035690,Positive,,,,4,YVASY
637.030666,Positive,,,,4,YVASYLLAALGGNS
657.025641,Positive,,,,4,YVASYLLAALGGNSS
677.020617,Positive,,,,4,YVASYLLAALGGNSSPS
1545.775492,Positive,,,,1,KILDSVGIEADDDR
1625.755394,Positive,,,,1,KILDS
773.391384,Positive,,,,2,KILDSVGIEADDDR
813.381335,Positive,,,,2,KILDS
515.930015,Positive,,,,3,KILDSVGIEADDDR
542.589982,Positive,,,,3,KILDS
387.199330,Positive,,,,4,KILDSVGIEADDDR
407.194306,Positive,,,,4,KILDS
1772.902484,Positive,,,,1,ILDSVGIEADDDRLNK
1852.882386,Positive,,,,1,ILDS
886.954880,Positive,,,,2,ILDSVGIEADDDRLNK
926.944831,Positive,,,,2,ILDS
591.639012,Positive,,,,3,ILDSVGIEADDDRLNK
618.298980,Positive,,,,3,ILDS
443.981078,Positive,,,,4,ILDSVGIEADDDRLNK
463.976054,Positive,,,,4,ILDS
1214.710313,Positive,,,,1,LNKVISELNGK
1294.690215,Positive,,,,1,LNKVIS
607.858795,Positive,,,,2,LNKVISELNGK
647.848746,Positive,,,,2,LNKVIS
405.574955,Positive,,,,3,LNKVISELNGK
432.234923,Positive,,,,3,LNKVIS
304.433036,Positive,,,,4,LNKVISELNGK
324.428011,Positive,,,,4,LNKVIS
2097.155010,Positive,,,,1,VISELNGKNIEDVIAQGIGK
2177.134912,Positive,,,,1,VIS
1049.081143,Positive,,,,2,VISELNGKNIEDVIAQGIGK
1089.071094,Positive,,,,2,VIS
699.723188,Positive,,,,3,VISELNGKNIEDVIAQGIGK
726.383155,Positive,,,,3,VIS
525.044210,Positive,,,,4,VISELNGKNIEDVIAQGIGK
545.039185,Positive,,,,4,VIS
4012.098564,Positive,,,,1,NIEDVIAQGIGKLASVPAGGAVAVSAAPGSAAPAAGSAPAAAEEK
4092.078466,Positive,,,,1,NIEDVIAQGIGKLAS
4172.058368,Positive,,,,1,NIEDVIAQGIGKLASVPAGGAVAVS
4252.038270,Positive,,,,1,NIEDVIAQGIGKLASVPAGGAVAVSAAPGS
4332.018172,Positive,,,,1,NIEDVIAQGIGKLASVPAGGAVAVSAAPGSAAPAAGS
2006.552920,Positive,,,,2,NIEDVIAQGIGKLASVPAGGAVAVSAAPGSAAPAAGSAPAAAEEK
2046.542871,Positive,,,,2,NIEDVIAQGIGKLAS
2086.532822,Positive,,,,2,NIEDVIAQGIGKLASVPAGGAVAVS
2126.522773,Positive,,,,2,NIEDVIAQGIGKLASVPAGGAVAVSAAPGS
2166.512724,Positive,,,,2,NIEDVIAQGIGKLASVPAGGAVAVSAAPGSAAPAAGS
1338.037706,Positive,,,,3,NIEDVIAQGIGKLASVPAGGAVAVSAAPGSAAPAAGSAPAAAEEK
1364.697673,Positive,,,,3,NIEDVIAQGIGKLAS
1391.357640,Positive,,,,3,NIEDVIAQGIGKLASVPAGGAVAVS
1418.017608,Positive,,,,3,NIEDVIAQGIGKLASVPAGGAVAVSAAPGS
1444.677575,Positive,,,,3,NIEDVIAQGIGKLASVPAGGAVAVSAAPGSAAPAAGS
1003.780098,Positive,,,,4,NIEDVIAQGIGKLASVPAGGAVAVSAAPGSAAPAAGSAPAAAEEK
1023.775074,Positive,,,,4,NIEDVIAQGIGKLAS
1043.770049,Positive,,,,4,NIEDVIAQGIGKLASVPAGGAVAVS
1063.765025,Positive,,,,4,NIEDVIAQGIGKLASVPAGGAVAVSAAPGS
1083.760000,Positive,,,,4,NIEDVIAQGIGKLASVPAGGAVAVSAAPGSAAPAAGS
2902.526876,Positive,,,,1,LASVPAGGAVAVSAAPGSAAPAAGSAPAAAEEKK
2982.506778,Positive,,,,1,LAS
3062.486680,Positive,,,,1,LASVPAGGAVAVS
3142.466582,Positive,,,,1,LASVPAGGAVAVSAAPGS
3222.446484,Positive,,,,1,LASVPAGGAVAVSAAPGSAAPAAGS
1451.767076,Positive,,,,2,LASVPAGGAVAVSAAPGSAAPAAGSAPAAAEEKK
1491.757027,Positive,,,,2,LAS
1531.746978,Positive,,,,2,LASVPAGGAVAVS
1571.736929,Positive,,,,2,LASVPAGGAVAVSAAPGS
1611.726880,Positive,,,,2,LASVPAGGAVAVSAAPGSAAPAAGS
968.180476,Positive,,,,3,LASVPAGGAVAVSAAPGSAAPAAGSAPAAAEEKK
994.840444,Positive,,,,3,LAS
1021.500411,Positive,,,,3,LASVPAGGAVAVS
1048.160378,Positive,,,,3,LASVPAGGAVAVSAAPGS
1074.820346,Positive,,,,3,LASVPAGGAVAVSAAPGSAAPAAGS
726.387176,Positive,,,,4,LASVPAGGAVAVSAAPGSAAPAAGSAPAAAEEKK
746.382152,Positive,,,,4,LAS
766.377127,Positive,,,,4,LASVPAGGAVAVS
786.372103,Positive,,,,4,LASVPAGGAVAVSAAPGS
806.367078,Positive,,,,4,LASVPAGGAVAVSAAPGSAAPAAGS
1949.759309,Positive,,,,1,KEESEESDDDMGFGLFD
2029.739211,Positive,,,,1,KEES
2109.719113,Positive,,,,1,KEESEES
975.383293,Positive,,,,2,KEESEESDDDMGFGLFD
1015.373244,Positive,,,,2,KEES
1055.363195,Positive,,,,2,KEESEES
650.591287,Positive,,,,3,KEESEESDDDMGFGLFD
677.251255,Positive,,,,3,KEES
703.911222,Positive,,,,3,KEESEES
488.195285,Positive,,,,4,KEESEESDDDMGFGLFD
508.190260,Positive,,,,4,KEES
528.185236,Positive,,,,4,KEESEES
2512.322820,Positive,,,,1,MRYVASYLLAALGGNSSPSAKDIK
2592.302722,Positive,,,,1,MRY
2672.282624,Positive,,,,1,MRYVAS
2752.262526,Positive,,,,1,MRYVASY
2832.242428,Positive,,,,1,MRYVASYLLAALGGNS
2912.222330,Positive,,,,1,MRYVASYLLAALGGNSS
2992.202232,Positive,,,,1,MRYVASYLLAALGGNSSPS
1256.665048,Positive,,,,2,MRYVASYLLAALGGNSSPSAKDIK
1296.654999,Positive,,,,2,MRY
1336.644950,Positive,,,,2,MRYVAS
1376.634901,Positive,,,,2,MRYVASY
1416.624852,Positive,,,,2,MRYVASYLLAALGGNS
1456.614803,Positive,,,,2,MRYVASYLLAALGGNSS
1496.604754,Positive,,,,2,MRYVASYLLAALGGNSSPS
838.112458,Positive,,,,3,MRYVASYLLAALGGNSSPSAKDIK
864.772425,Positive,,,,3,MRY
891.432392,Positive,,,,3,MRYVAS
918.092360,Positive,,,,3,MRYVASY
944.752327,Positive,,,,3,MRYVASYLLAALGGNS
971.412294,Positive,,,,3,MRYVASYLLAALGGNSS
998.072262,Positive,,,,3,MRYVASYLLAALGGNSSPS
628.836162,Positive,,,,4,MRYVASYLLAALGGNSSPSAKDIK
648.831138,Positive,,,,4,MRY
668.826113,Positive,,,,4,MRYVAS
688.821089,Positive,,,,4,MRYVASY
708.816064,Positive,,,,4,MRYVASYLLAALGGNS
728.811040,Positive,,,,4,MRYVASYLLAALGGNSS
748.806015,Positive,,,,4,MRYVASYLLAALGGNSSPS
2353.276188,Positive,,,,1,YVASYLLAALGGNSSPSAKDIKK
2433.256090,Positive,,,,1,Y
2513.235992,Positive,,,,1,YVAS
2593.215894,Positive,,,,1,YVASY
2673.195796,Positive,,,,1,YVASYLLAALGGNS
2753.175698,Positive,,,,1,YVASYLLAALGGNSS
2833.155600,Positive,,,,1,YVASYLLAALGGNSSPS
1177.141732,Positive,,,,2,YVASYLLAALGGNSSPSAKDIKK
1217.131683,Positive,,,,2,Y
1257.121634,Positive,,,,2,YVAS
1297.111585,Positive,,,,2,YVASY
1337.101536,Positive,,,,2,YVASYLLAALGGNS
1377.091487,Positive,,,,2,YVASYLLAALGGNSS
1417.081438,Positive,,,,2,YVASYLLAALGGNSSPS
785.096914,Positive,,,,3,YVASYLLAALGGNSSPSAKDIKK
811.756881,Positive,,,,3,Y
838.416848,Positive,,,,3,YVAS
865.076816,Positive,,,,3,YVASY
891.736783,Positive,,,,3,YVASYLLAALGGNS
918.396750,Positive,,,,3,YVASYLLAALGGNSS
945.056718,Positive,,,,3,YVASYLLAALGGNSSPS
589.074504,Positive,,,,4,YVASYLLAALGGNSSPSAKDIKK
609.069480,Positive,,,,4,Y
629.064455,Positive,,,,4,YVAS
649.059431,Positive,,,,4,YVASY
669.054406,Positive,,,,4,YVASYLLAALGGNS
689.049382,Positive,,,,4,YVASYLLAALGGNSS
709.044357,Positive,,,,4,YVASYLLAALGGNSSPS
1901.981462,Positive,,,,1,DIKKILDSVGIEADDDR
1981.961364,Positive,,,,1,DIKKILDS
951.494369,Positive,,,,2,DIKKILDSVGIEADDDR
991.484320,Positive,,,,2,DIKKILDS
634.665338,Positive,,,,3,DIKKILDSVGIEADDDR
661.325306,Positive,,,,3,DIKKILDS
476.250823,Positive,,,,4,DIKKILDSVGIEADDDR
496.245798,Positive,,,,4,DIKKILDS
1900.997447,Positive,,,,1,KILDSVGIEADDDRLNK
1980.977349,Positive,,,,1,KILDS
951.002362,Positive,,,,2,KILDSVGIEADDDRLNK
990.992313,Positive,,,,2,KILDS
634.337333,Positive,,,,3,KILDSVGIEADDDRLNK
660.997301,Positive,,,,3,KILDS
476.004819,Positive,,,,4,KILDSVGIEADDDRLNK
495.999795,Positive,,,,4,KILDS
2613.373001,Positive,,,,1,ILDSVGIEADDDRLNKVISELNGK
2693.352903,Positive,,,,1,ILDS
2773.332805,Positive,,,,1,ILDSVGIEADDDRLNKVIS
1307.190139,Positive,,,,2,ILDSVGIEADDDRLNKVISELNGK
1347.180090,Positive,,,,2,ILDS
1387.170041,Positive,,,,2,ILDSVGIEADDDRLNKVIS
871.795851,Positive,,,,3,ILDSVGIEADDDRLNKVISELNGK
898.455819,Positive,,,,3,ILDS
925.115786,Positive,,,,3,ILDSVGIEADDDRLNKVIS
654.098708,Positive,,,,4,ILDSVGIEADDDRLNKVISELNGK
674.093683,Positive,,,,4,ILDS
694.088659,Positive,,,,4,ILDSVGIEADDDRLNKVIS
2452.376964,Positive,,,,1,LNKVISELNGKNIEDVIAQGIGK
2532.356866,Positive,,,,1,LNKVIS
1226.692120,Positive,,,,2,LNKVISELNGKNIEDVIAQGIGK
1266.682071,Positive,,,,2,LNKVIS
818.130506,Positive,,,,3,LNKVISELNGKNIEDVIAQGIGK
844.790473,Positive,,,,3,LNKVIS
613.849698,Positive,,,,4,LNKVISELNGKNIEDVIAQGIGK
633.844674,Positive,,,,4,LNKVIS
4852.569082,Positive,,,,1,VISELNGKNIEDVIAQGIGKLASVPAGGAVAVSAAPGSAAPAAGSAPAAAEEK
4932.548984,Positive,,,,1,VIS
5012.528886,Positive,,,,1,VISELNGKNIEDVIAQGIGKLAS
5092.508788,Positive,,,,1,VISELNGKNIEDVIAQGIGKLASVPAGGAVAVS
5172.488690,Positive,,,,1,VISELNGKNIEDVIAQGIGKLASVPAGGAVAVSAAPGS
5252.468592,Positive,,,,1,VISELNGKNIEDVIAQGIGKLASVPAGGAVAVSAAPGSAAPAAGS
2426.788179,Positive,,,,2,VISELNGKNIEDVIAQGIGKLASVPAGGAVAVSAAPGSAAPAAGSAPAAAEEK
2466.778130,Positive,,,,2,VIS
2506.768081,Positive,,,,2,VISELNGKNIEDVIAQGIGKLAS
2546.758032,Positive,,,,2,VISELNGKNIEDVIAQGIGKLASVPAGGAVAVS
2586.747983,Positive,,,,2,VISELNGKNIEDVIAQGIGKLASVPAGGAVAVSAAPGS
2626.737934,Positive,,,,2,VISELNGKNIEDVIAQGIGKLASVPAGGAVAVSAAPGSAAPAAGS
1618.194545,Positive,,,,3,VISELNGKNIEDVIAQGIGKLASVPAGGAVAVSAAPGSAAPAAGSAPAAAEEK
1644.854512,Positive,,,,3,VIS
1671.514480,Positive,,,,3,VISELNGKNIEDVIAQGIGKLAS
1698.174447,Positive,,,,3,VISELNGKNIEDVIAQGIGKLASVPAGGAVAVS
1724.834414,Positive,,,,3,VISELNGKNIEDVIAQGIGKLASVPAGGAVAVSAAPGS
1751.494382,Positive,,,,3,VISELNGKNIEDVIAQGIGKLASVPAGGAVAVSAAPGSAAPAAGS
1213.897728,Positive,,,,4,VISELNGKNIEDVIAQGIGKLASVPAGGAVAVSAAPGSAAPAAGSAPAAAEEK
1233.892703,Positive,,,,4,VIS
1253.887679,Positive,,,,4,VISELNGKNIEDVIAQGIGKLAS
1273.882654,Positive,,,,4,VISELNGKNIEDVIAQGIGKLASVPAGGAVAVS
1293.877630,Positive,,,,4,VISELNGKNIEDVIAQGIGKLASVPAGGAVAVSAAPGS
1313.872605,Positive,,,,4,VISELNGKNIEDVIAQGIGKLASVPAGGAVAVSAAPGSAAPAAGS
4140.193527,Positive,,,,1,NIEDVIAQGIGKLASVPAGGAVAVSAAPGSAAPAAGSAPAAAEEKK
4220.173429,Positive,,,,1,NIEDVIAQGIGKLAS
4300.153331,Positive,,,,1,NIEDVIAQGIGKLASVPAGGAVAVS
4380.133233,Positive,,,,1,NIEDVIAQGIGKLASVPAGGAVAVSAAPGS
4460.113135,Positive,,,,1,NIEDVIAQGIGKLASVPAGGAVAVSAAPGSAAPAAGS
2070.600402,Positive,,,,2,NIEDVIAQGIGKLASVPAGGAVAVSAAPGSAAPAAGSAPAAAEEKK
2110.590353,Positive,,,,2,NIEDVIAQGIGKLAS
2150.580304,Positive,,,,2,NIEDVIAQGIGKLASVPAGGAVAVS
2190.570255,Positive,,,,2,NIEDVIAQGIGKLASVPAGGAVAVSAAPGS
2230.560206,Positive,,,,2,NIEDVIAQGIGKLASVPAGGAVAVSAAPGSAAPAAGS
1380.736027,Positive,,,,3,NIEDVIAQGIGKLASVPAGGAVAVSAAPGSAAPAAGSAPAAAEEKK
1407.395994,Positive,,,,3,NIEDVIAQGIGKLAS
1434.055961,Positive,,,,3,NIEDVIAQGIGKLASVPAGGAVAVS
1460.715929,Positive,,,,3,NIEDVIAQGIGKLASVPAGGAVAVSAAPGS
1487.375896,Positive,,,,3,NIEDVIAQGIGKLASVPAGGAVAVSAAPGSAAPAAGS
1035.803839,Positive,,,,4,NIEDVIAQGIGKLASVPAGGAVAVSAAPGSAAPAAGSAPAAAEEKK
1055.798815,Positive,,,,4,NIEDVIAQGIGKLAS
1075.793790,Positive,,,,4,NIEDVIAQGIGKLASVPAGGAVAVS
1095.788766,Positive,,,,4,NIEDVIAQGIGKLASVPAGGAVAVSAAPGS
1115.783741,Positive,,,,4,NIEDVIAQGIGKLASVPAGGAVAVSAAPGSAAPAAGS
3274.691375,Positive,,,,1,LASVPAGGAVAVSAAPGSAAPAAGSAPAAAEEKKDEK
3354.671277,Positive,,,,1,LAS
3434.651179,Positive,,,,1,LASVPAGGAVAVS
3514.631081,Positive,,,,1,LASVPAGGAVAVSAAPGS
3594.610983,Positive,,,,1,LASVPAGGAVAVSAAPGSAAPAAGS
1637.849326,Positive,,,,2,LASVPAGGAVAVSAAPGSAAPAAGSAPAAAEEKKDEK
1677.839277,Positive,,,,2,LAS
1717.829228,Positive,,,,2,LASVPAGGAVAVS
1757.819179,Positive,,,,2,LASVPAGGAVAVSAAPGS
1797.809130,Positive,,,,2,LASVPAGGAVAVSAAPGSAAPAAGS
1092.235309,Positive,,,,3,LASVPAGGAVAVSAAPGSAAPAAGSAPAAAEEKKDEK
1118.895277,Positive,,,,3,LAS
1145.555244,Positive,,,,3,LASVPAGGAVAVS
1172.215211,Positive,,,,3,LASVPAGGAVAVSAAPGS
1198.875179,Positive,,,,3,LASVPAGGAVAVSAAPGSAAPAAGS
819.428301,Positive,,,,4,LASVPAGGAVAVSAAPGSAAPAAGSAPAAAEEKKDEK
839.423277,Positive,,,,4,LAS
859.418252,Positive,,,,4,LASVPAGGAVAVS
879.413228,Positive,,,,4,LASVPAGGAVAVSAAPGS
899.408203,Positive,,,,4,LASVPAGGAVAVSAAPGSAAPAAGS
2321.923809,Positive,,,,1,DEKKEESEESDDDMGFGLFD
2401.903711,Positive,,,,1,DEKKEES
2481.883613,Positive,,,,1,DEKKEESEES
1161.465542,Positive,,,,2,DEKKEESEESDDDMGFGLFD
1201.455493,Positive,,,,2,DEKKEES
1241.445444,Positive,,,,2,DEKKEESEES
774.646120,Positive,,,,3,DEKKEESEESDDDMGFGLFD
801.306088,Positive,,,,3,DEKKEES
827.966055,Positive,,,,3,DEKKEESEES
581.236409,Positive,,,,4,DEKKEESEESDDDMGFGLFD
601.231385,Positive,,,,4,DEKKEES
621.226360,Positive,,,,4,DEKKEESEES
